Progress,Duration (in seconds),Finished,User Language,Survey group,Age,Student at UNCCH,Highest completed education,"Majors, minors, and fields of study",Mentally challenged,Clumsy,Unexpressive,Lacking emotion,Lacking empathy,Less intelligent,Moodier,More aggressive,Short-tempered,Intelligent,Talkative,Less talkative,Physically skilled,More calm,They are similar to one another,They interpret things more literally,They are less creative,They usually have special skills,They are less capable,They are frustrating to deal with,They are more impatient,They experience less emotions,They are all the same as one another,Women cannot have ASD or be autistic,Adults usually grow out of autism or being Autistic,Only children can be Autistic or have autism,Women are less likely to have ASD or be autistic,Had you ever heard of autism spectrum disorder (ASD) before taking this survey?,When did you first hear about ASD? - Categorized,How did you hear about ASD? - Categorized,"Do you know anybody, not including yourself, who is formally diagnosed with autism spectrum disorder (ASD)?","Do you know anybody, not including yourself, who self-diagnoses with or identifies as being Autistic or having autism?",Have you been formally diagnosed with autism spectrum disorder (ASD)?,"When did you receive your formal diagnosis of ASD? If you don't remember exactly, just give an approximate date, such as the month and/or year of your diagnosis.",Do you identify as or self-diagnose with ASD?,"How long have you been considering that you might have autism or be Autistic? If you don't know exactly, give as close of an estimate as you can.",Final comments - All categories
100,400,TRUE,EN,r/Autism subreddit,15-24,"No, I am not a student at UNCCH","High school or high school equivalent (i.e., GED)",,Agree,Neither agree nor disagree,Neither agree nor disagree,Neither agree nor disagree,Neither agree nor disagree,Disagree,Neither agree nor disagree,Neither agree nor disagree,Neither agree nor disagree,Agree,Agree,Neither agree nor disagree,Neither agree nor disagree,Neither agree nor disagree,Agree,Agree,Disagree,Agree,Neither agree nor disagree,Agree,Neither agree nor disagree,Neither agree nor disagree,Disagree,Disagree,Disagree,Disagree,Disagree,Yes,Don't remember,Don't remember,Yes,No,No,,I've considered it,sometime between nov of 2023 and now,No comment
100,258,TRUE,EN,r/Autism subreddit,25-34,"No, I am not a student at UNCCH",Associates degree,Invasive cardiovascular technology AAS,Agree,Neither agree nor disagree,Disagree,Disagree,Disagree,Disagree,Agree,Disagree,Agree,Agree,Neither agree nor disagree,Disagree,Agree,Neither agree nor disagree,Neither agree nor disagree,Agree,Disagree,Agree,Disagree,Disagree,Disagree,Disagree,Disagree,Disagree,Disagree,Disagree,Disagree,Yes,No response,No response,Yes,Yes,Yes,Mar-24,,,No comment
100,349,TRUE,EN,r/Autism subreddit,15-24,"No, I am not a student at UNCCH",Less than high school,,Neither agree nor disagree,Neither agree nor disagree,Agree,Disagree,Disagree,Disagree,Neither agree nor disagree,Disagree,Neither agree nor disagree,Neither agree nor disagree,Neither agree nor disagree,Agree,Neither agree nor disagree,Neither agree nor disagree,Disagree,Neither agree nor disagree,Disagree,Neither agree nor disagree,Disagree,Disagree,Neither agree nor disagree,Disagree,Disagree,Disagree,Disagree,Disagree,Disagree,Yes,Childhood,Don't remember,No,Yes,No,,Yes,"I have related to and considered the symptoms of ASD since I was 15, and have had a feeling of being ""weird"" or ""different"" for as long as I can remember.",No comment
100,206,TRUE,EN,r/Autism subreddit,35-44,"No, I am not a student at UNCCH",Masters or doctorates at a graduate level,"Neurology, MD",Agree,Agree,Agree,Neither agree nor disagree,Neither agree nor disagree,Neither agree nor disagree,Neither agree nor disagree,Neither agree nor disagree,Neither agree nor disagree,Disagree,Neither agree nor disagree,Agree,Neither agree nor disagree,Neither agree nor disagree,Agree,Neither agree nor disagree,Neither agree nor disagree,Disagree,Neither agree nor disagree,Agree,Neither agree nor disagree,Neither agree nor disagree,Disagree,Disagree,Disagree,Disagree,Disagree,Yes,Childhood,Unable to identify,Yes,Yes,No,,No,,Anti-self-diagnosis
100,156,TRUE,EN,r/Autism subreddit,15-24,"No, I am not a student at UNCCH","High school or high school equivalent (i.e., GED)",,Disagree,Neither agree nor disagree,Disagree,Disagree,Disagree,Disagree,Neither agree nor disagree,Neither agree nor disagree,Disagree,Disagree,Neither agree nor disagree,Neither agree nor disagree,Neither agree nor disagree,Neither agree nor disagree,Disagree,Agree,Disagree,Agree,Disagree,Disagree,Disagree,Disagree,Disagree,Disagree,Disagree,Disagree,Disagree,Yes,Within a few years ago,The internet,No,Yes,No,,Yes,2 years,No comment
100,410,TRUE,EN,r/Autism subreddit,55-64,"No, I am not a student at UNCCH",Completed an undergraduate education (Bachelors degree),Asian Studies ,Neither agree nor disagree,Neither agree nor disagree,Neither agree nor disagree,Neither agree nor disagree,Neither agree nor disagree,Neither agree nor disagree,Neither agree nor disagree,Neither agree nor disagree,Neither agree nor disagree,Neither agree nor disagree,Neither agree nor disagree,Neither agree nor disagree,Neither agree nor disagree,Neither agree nor disagree,Disagree,Neither agree nor disagree,Neither agree nor disagree,Neither agree nor disagree,Disagree,Neither agree nor disagree,Neither agree nor disagree,Neither agree nor disagree,Disagree,Disagree,Disagree,Disagree,Disagree,Yes,Don't remember,Don't remember,Yes,No,Yes,Sep-22,,,No comment
100,244,TRUE,EN,r/AutisticAdults subreddit,35-44,"No, I am not a student at UNCCH",Completed an undergraduate education (Bachelors degree),No,Disagree,Neither agree nor disagree,Neither agree nor disagree,Disagree,Disagree,Neither agree nor disagree,Neither agree nor disagree,Neither agree nor disagree,Disagree,Neither agree nor disagree,Neither agree nor disagree,Neither agree nor disagree,Neither agree nor disagree,Neither agree nor disagree,Neither agree nor disagree,Neither agree nor disagree,Neither agree nor disagree,Disagree,Neither agree nor disagree,Neither agree nor disagree,Disagree,Disagree,Disagree,Disagree,Disagree,Disagree,Disagree,Yes,Don't remember,Don't remember,No,No,Yes,2023,,,Comment on grammar
100,329,TRUE,EN,r/AutisticAdults subreddit,35-44,"No, I am not a student at UNCCH","Some college, but no degree","math, computer science, philosophy",Disagree,Disagree,Neither agree nor disagree,Neither agree nor disagree,Neither agree nor disagree,Disagree,Neither agree nor disagree,Disagree,Disagree,Neither agree nor disagree,Neither agree nor disagree,Neither agree nor disagree,Neither agree nor disagree,Disagree,Agree,Neither agree nor disagree,Disagree,Agree,Disagree,Neither agree nor disagree,Neither agree nor disagree,Disagree,Disagree,Disagree,Disagree,Disagree,Disagree,Yes,Don't remember,Don't remember,No,No,No,,I've considered it,about six years,No comment
100,258,TRUE,EN,r/AutisticAdults subreddit,25-34,"No, I am not a student at UNCCH",Completed an undergraduate education (Bachelors degree),"Biology, French, social work ",Disagree,Neither agree nor disagree,Disagree,Disagree,Neither agree nor disagree,Disagree,Agree,Neither agree nor disagree,Agree,Agree,Neither agree nor disagree,Disagree,Neither agree nor disagree,Disagree,Neither agree nor disagree,Neither agree nor disagree,Neither agree nor disagree,Agree,Neither agree nor disagree,Neither agree nor disagree,Neither agree nor disagree,Disagree,Disagree,Disagree,Disagree,Disagree,Disagree,Yes,Most of life,Don't remember,Yes,Yes,Yes,Jun-22,,,No comment
100,275,TRUE,EN,r/SampleSize,15-24,"No, I am not a student at UNCCH","High school or high school equivalent (i.e., GED)",,Disagree,Neither agree nor disagree,Disagree,Disagree,Disagree,Disagree,Disagree,Disagree,Disagree,Neither agree nor disagree,Disagree,Disagree,Disagree,Disagree,Neither agree nor disagree,Agree,Disagree,Neither agree nor disagree,Disagree,Agree,Disagree,Disagree,Disagree,Disagree,Disagree,Disagree,Disagree,Yes,Childhood,Diagnosis,No,No,Yes,"I was around 12 years old when it happened, so 2017 was when i got my diagnosis",,,Pro-survey
100,381,TRUE,EN,r/SampleSize,35-44,"No, I am not a student at UNCCH","Some college, but no degree",Interactive Media,Disagree,Agree,Neither agree nor disagree,Disagree,Disagree,Disagree,Neither agree nor disagree,Disagree,Disagree,Agree,Neither agree nor disagree,Neither agree nor disagree,Disagree,Neither agree nor disagree,Neither agree nor disagree,Agree,Disagree,Agree,Neither agree nor disagree,Disagree,Neither agree nor disagree,Disagree,Disagree,Disagree,Disagree,Disagree,Disagree,Yes,No response,No response,Yes,Yes,Yes,2005,,,No comment
100,524,TRUE,EN,r/SampleSize,55-64,"No, I am not a student at UNCCH",Completed an undergraduate education (Bachelors degree),BA English,Disagree,Disagree,Disagree,Disagree,Disagree,Disagree,Disagree,Disagree,Disagree,Neither agree nor disagree,Neither agree nor disagree,Neither agree nor disagree,Neither agree nor disagree,Neither agree nor disagree,Disagree,Neither agree nor disagree,Disagree,Neither agree nor disagree,Disagree,Disagree,Disagree,Disagree,Disagree,Disagree,Disagree,Disagree,Disagree,Yes,Unable to identify,Media/entertainment,Yes,No,No,,No,,Autism varies
100,224,TRUE,EN,r/SampleSize,25-34,"No, I am not a student at UNCCH",Completed an undergraduate education (Bachelors degree),major: Computer Science; minor: Mathematics,Neither agree nor disagree,Neither agree nor disagree,Neither agree nor disagree,Disagree,Neither agree nor disagree,Neither agree nor disagree,Agree,Neither agree nor disagree,Neither agree nor disagree,Neither agree nor disagree,Agree,Disagree,Neither agree nor disagree,Disagree,Disagree,Agree,Neither agree nor disagree,Disagree,Agree,Agree,Neither agree nor disagree,Disagree,Disagree,Disagree,Disagree,Disagree,Disagree,Yes,More than 3 years ago,Online forums,Yes,Yes,No,,No,,No comment
100,933,TRUE,EN,r/SampleSize,15-24,"No, I am not a student at UNCCH","High school or high school equivalent (i.e., GED)",,Neither agree nor disagree,Neither agree nor disagree,Neither agree nor disagree,Agree,Disagree,Disagree,Neither agree nor disagree,Neither agree nor disagree,Neither agree nor disagree,Neither agree nor disagree,Neither agree nor disagree,Agree,Neither agree nor disagree,Neither agree nor disagree,Disagree,Agree,Neither agree nor disagree,Agree,Neither agree nor disagree,Neither agree nor disagree,Neither agree nor disagree,Disagree,Disagree,Disagree,Disagree,Disagree,Disagree,Yes,Unable to identify,Unable to identify,Yes,Yes,Yes,~2010?,,,No comment
100,132,TRUE,EN,r/SampleSize,25-34,"No, I am not a student at UNCCH","Some college, but no degree",Didn't make it that far,Agree,Neither agree nor disagree,Agree,Neither agree nor disagree,Disagree,Disagree,Agree,Neither agree nor disagree,Neither agree nor disagree,Neither agree nor disagree,Neither agree nor disagree,Neither agree nor disagree,Neither agree nor disagree,Neither agree nor disagree,Neither agree nor disagree,Agree,Disagree,Neither agree nor disagree,Neither agree nor disagree,Neither agree nor disagree,Neither agree nor disagree,Disagree,Disagree,Disagree,Disagree,Disagree,Disagree,Yes,Childhood,Don't remember,Yes,Yes,No,,I've considered it,4 years,No comment
100,607,TRUE,EN,r/SampleSize,25-34,"No, I am not a student at UNCCH",Associates degree,English,Neither agree nor disagree,Neither agree nor disagree,Neither agree nor disagree,Neither agree nor disagree,Neither agree nor disagree,Neither agree nor disagree,Neither agree nor disagree,Neither agree nor disagree,Neither agree nor disagree,Neither agree nor disagree,Neither agree nor disagree,Neither agree nor disagree,Neither agree nor disagree,Neither agree nor disagree,Disagree,Neither agree nor disagree,Neither agree nor disagree,Disagree,Neither agree nor disagree,Neither agree nor disagree,Neither agree nor disagree,Neither agree nor disagree,Disagree,Disagree,Disagree,Disagree,Disagree,Yes,Childhood,Don't remember,No,No,No,,I've considered it,2-3 years,No comment
100,211,TRUE,EN,r/SampleSize,35-44,"No, I am not a student at UNCCH",Masters or doctorates at a graduate level,Biomedical engineering ,Disagree,Neither agree nor disagree,Neither agree nor disagree,Neither agree nor disagree,Neither agree nor disagree,Neither agree nor disagree,Neither agree nor disagree,Neither agree nor disagree,Neither agree nor disagree,Neither agree nor disagree,Neither agree nor disagree,Agree,Neither agree nor disagree,Neither agree nor disagree,Disagree,Agree,Neither agree nor disagree,Neither agree nor disagree,Neither agree nor disagree,Neither agree nor disagree,Neither agree nor disagree,Neither agree nor disagree,Disagree,Disagree,Disagree,Disagree,Neither agree nor disagree,Yes,Childhood,Media/entertainment,No,No,Yes,Jun-23,,,"Difficult to decide, Autism varies"
100,176,TRUE,EN,r/SampleSize,25-34,"No, I am not a student at UNCCH",Masters or doctorates at a graduate level,Digital Media,Neither agree nor disagree,Neither agree nor disagree,Disagree,Disagree,Disagree,Disagree,Agree,Agree,Agree,Agree,Neither agree nor disagree,Disagree,Agree,Disagree,Disagree,Agree,Disagree,Agree,Disagree,Agree,Neither agree nor disagree,Disagree,Disagree,Disagree,Disagree,Disagree,Disagree,Yes,Childhood,From or at school,Yes,Yes,No,,No,,Encouragement/congratulations
100,279,TRUE,EN,r/SampleSize,25-34,"No, I am not a student at UNCCH",Completed an undergraduate education (Bachelors degree),Organizational Leadership,Disagree,Neither agree nor disagree,Agree,Neither agree nor disagree,Neither agree nor disagree,Disagree,Agree,Neither agree nor disagree,Agree,Agree,Disagree,Agree,Agree,Neither agree nor disagree,Neither agree nor disagree,Agree,Disagree,Neither agree nor disagree,Disagree,Agree,Agree,Neither agree nor disagree,Disagree,Disagree,Neither agree nor disagree,Disagree,Neither agree nor disagree,Yes,Unable to identify,"From friends/family, The internet",Yes,Yes,No,,I've considered it,The past 2 years,No comment
100,148,TRUE,EN,r/SampleSize,35-44,"No, I am not a student at UNCCH",Masters or doctorates at a graduate level,Psychology and counselling,Disagree,Disagree,Disagree,Disagree,Neither agree nor disagree,Disagree,Disagree,Disagree,Neither agree nor disagree,Agree,Neither agree nor disagree,Disagree,Agree,Neither agree nor disagree,Disagree,Agree,Disagree,Agree,Disagree,Disagree,Disagree,Disagree,Disagree,Disagree,Disagree,Disagree,Disagree,Yes,Unable to identify,From friends/family,Yes,Yes,No,,No,,No comment
100,118,TRUE,EN,r/SampleSize,25-34,"No, I am not a student at UNCCH",Completed an undergraduate education (Bachelors degree),Ux design,Neither agree nor disagree,Neither agree nor disagree,Neither agree nor disagree,Neither agree nor disagree,Neither agree nor disagree,Disagree,Neither agree nor disagree,Neither agree nor disagree,Neither agree nor disagree,Agree,Neither agree nor disagree,Neither agree nor disagree,Neither agree nor disagree,Neither agree nor disagree,Neither agree nor disagree,Agree,Disagree,Agree,Neither agree nor disagree,Neither agree nor disagree,Agree,Disagree,Disagree,,Disagree,Disagree,Disagree,Yes,Unable to identify,Diagnosis,Yes,Yes,Yes,24,,,No comment
100,195,TRUE,EN,r/SampleSize,15-24,"No, I am not a student at UNCCH","Some college, but no degree","Physics, emphasis on astronomy",Neither agree nor disagree,Agree,Agree,Disagree,Neither agree nor disagree,Neither agree nor disagree,Neither agree nor disagree,Neither agree nor disagree,Neither agree nor disagree,Neither agree nor disagree,Disagree,Agree,Disagree,Disagree,Disagree,Agree,Disagree,Neither agree nor disagree,Neither agree nor disagree,Neither agree nor disagree,Neither agree nor disagree,Disagree,Disagree,Disagree,Disagree,Disagree,Neither agree nor disagree,Yes,Childhood,From friends/family,Yes,Yes,Yes,Nov-23,,,No comment
100,170,TRUE,EN,r/SampleSize,15-24,"No, I am not a student at UNCCH","High school or high school equivalent (i.e., GED)",,Disagree,Agree,Agree,Disagree,Disagree,Disagree,Neither agree nor disagree,Neither agree nor disagree,Disagree,Agree,Neither agree nor disagree,Neither agree nor disagree,Agree,Neither agree nor disagree,Disagree,Agree,Neither agree nor disagree,Neither agree nor disagree,Neither agree nor disagree,Disagree,Neither agree nor disagree,Disagree,Disagree,Disagree,Disagree,Disagree,Disagree,Yes,Unable to identify,Therapy or mental health institutions,Yes,Yes,Yes,2022,,,No comment
100,177,TRUE,EN,r/SampleSize,25-34,"No, I am not a student at UNCCH","Some college, but no degree",Level 3 autism ,Disagree,Agree,Disagree,Disagree,Disagree,Disagree,Agree,Neither agree nor disagree,Agree,Agree,Agree,Neither agree nor disagree,Disagree,Disagree,Disagree,Agree,Disagree,Agree,Disagree,Neither agree nor disagree,Agree,Disagree,Disagree,Disagree,Disagree,Disagree,Disagree,Yes,Within a few years ago,Unable to identify,No,No,Yes,Jun-23,,,No comment
100,1156,TRUE,EN,r/SampleSize,25-34,"No, I am not a student at UNCCH",Masters or doctorates at a graduate level,"Law, political science ",Neither agree nor disagree,Neither agree nor disagree,Disagree,Disagree,Disagree,Disagree,Neither agree nor disagree,Disagree,Neither agree nor disagree,Neither agree nor disagree,Neither agree nor disagree,Neither agree nor disagree,Neither agree nor disagree,Disagree,Neither agree nor disagree,Agree,Disagree,Neither agree nor disagree,Disagree,Neither agree nor disagree,Disagree,Disagree,Disagree,Disagree,Disagree,Disagree,Disagree,Yes,Childhood,Unable to identify,Yes,No,No,,No,,No comment
100,191,TRUE,EN,r/SampleSize,45-54,"No, I am not a student at UNCCH",Masters or doctorates at a graduate level,"Audiology, psychology, sociology",Neither agree nor disagree,Neither agree nor disagree,Neither agree nor disagree,Neither agree nor disagree,Neither agree nor disagree,Neither agree nor disagree,Neither agree nor disagree,Neither agree nor disagree,Neither agree nor disagree,Neither agree nor disagree,Neither agree nor disagree,Neither agree nor disagree,Neither agree nor disagree,Neither agree nor disagree,Neither agree nor disagree,Agree,Neither agree nor disagree,Neither agree nor disagree,Neither agree nor disagree,Neither agree nor disagree,Neither agree nor disagree,Neither agree nor disagree,Neither agree nor disagree,Disagree,Disagree,Disagree,Disagree,Yes,Unable to identify,Media/entertainment,Yes,No,No,,No,,No comment
100,216,TRUE,EN,r/SampleSize,25-34,"No, I am not a student at UNCCH",Masters or doctorates at a graduate level,Psychology,Disagree,Neither agree nor disagree,Disagree,Disagree,Disagree,Disagree,Disagree,Disagree,Disagree,Agree,Neither agree nor disagree,Neither agree nor disagree,Agree,Neither agree nor disagree,Disagree,Agree,Disagree,Neither agree nor disagree,Disagree,Disagree,Disagree,Disagree,Disagree,Disagree,Disagree,Disagree,Disagree,Yes,Unable to identify,From friends/family,Yes,Yes,No,,I've considered it,2 years,No comment
100,492,TRUE,EN,r/SampleSize,15-24,"No, I am not a student at UNCCH","High school or high school equivalent (i.e., GED)",,Neither agree nor disagree,Disagree,Disagree,Disagree,Disagree,Disagree,Disagree,Disagree,Disagree,Agree,Agree,Agree,Neither agree nor disagree,Disagree,Disagree,Agree,Disagree,Neither agree nor disagree,Disagree,Disagree,Agree,Disagree,Disagree,Disagree,Disagree,Disagree,Neither agree nor disagree,Yes,Within a few years ago,From friends/family being diagnosed,Yes,Yes,No,,I've considered it,Since last August when someone first mentioned it to me,No comment
100,213,TRUE,EN,r/SampleSize,25-34,"No, I am not a student at UNCCH",Masters or doctorates at a graduate level,"Undergrad: Philosophy major, Spanish and Dance minors. Grad: Higher Ed Administration and Policy",Neither agree nor disagree,Neither agree nor disagree,,Neither agree nor disagree,Agree,Neither agree nor disagree,Neither agree nor disagree,Neither agree nor disagree,Agree,Neither agree nor disagree,Neither agree nor disagree,Neither agree nor disagree,Neither agree nor disagree,Disagree,Agree,Agree,Neither agree nor disagree,Agree,Neither agree nor disagree,Agree,Agree,Neither agree nor disagree,Disagree,Disagree,Disagree,Disagree,Disagree,Yes,Childhood,Don't remember,Yes,No,No,,No,,No comment
100,266,TRUE,EN,r/SampleSize,35-44,"No, I am not a student at UNCCH",Completed an undergraduate education (Bachelors degree),"Bachelor of Fine Arts in Computer Art, specializing in 3D Animation",Disagree,Neither agree nor disagree,Neither agree nor disagree,Disagree,Disagree,Disagree,Disagree,Disagree,Disagree,Agree,Disagree,Agree,Neither agree nor disagree,Neither agree nor disagree,Disagree,Disagree,Disagree,Agree,Neither agree nor disagree,Neither agree nor disagree,Disagree,Disagree,Disagree,Disagree,Disagree,Disagree,Disagree,Yes,Childhood,Media/entertainment,Yes,Yes,Yes,Age 39. I was informally diagnosed by an LCSW at age 21.,,,Well-versed in autism
100,575,TRUE,EN,r/SampleSize,35-44,"No, I am not a student at UNCCH","Some college, but no degree","Cognitive neuroscience, philosophy, library and information science",Disagree,Neither agree nor disagree,Neither agree nor disagree,Disagree,Disagree,Neither agree nor disagree,Disagree,Neither agree nor disagree,Disagree,Neither agree nor disagree,Neither agree nor disagree,Neither agree nor disagree,Neither agree nor disagree,Neither agree nor disagree,Disagree,Neither agree nor disagree,Neither agree nor disagree,Neither agree nor disagree,Neither agree nor disagree,Neither agree nor disagree,Disagree,Neither agree nor disagree,Disagree,Disagree,Disagree,Disagree,Disagree,Yes,More than 20 years ago,Don't remember,Yes,No,Yes,Oct-19,,,"Difficult to decide, Autism varies"
100,173,TRUE,EN,r/SampleSize,35-44,"No, I am not a student at UNCCH",Masters or doctorates at a graduate level,"French, education, history, anthropology, French history. k-12 TEFL/SLA certifications, high school educational certs",Disagree,Neither agree nor disagree,Disagree,Disagree,Disagree,Disagree,Disagree,Disagree,Neither agree nor disagree,Agree,Neither agree nor disagree,Neither agree nor disagree,Agree,Neither agree nor disagree,Disagree,Neither agree nor disagree,Disagree,Neither agree nor disagree,Disagree,Disagree,Disagree,Disagree,Disagree,Disagree,Disagree,Disagree,Disagree,Yes,Childhood,Don't remember,Yes,Yes,No,,Yes,Over 20 years,Gender bias in diagnosis
100,707,TRUE,EN,r/SampleSize,55-64,"No, I am not a student at UNCCH","Some college, but no degree",General study,Neither agree nor disagree,Agree,Disagree,Neither agree nor disagree,Neither agree nor disagree,Disagree,Agree,Neither agree nor disagree,Agree,Agree,Agree,Disagree,Neither agree nor disagree,Disagree,Disagree,Agree,Disagree,Neither agree nor disagree,Disagree,Agree,Agree,Neither agree nor disagree,Disagree,Disagree,Disagree,Disagree,Disagree,Yes,Unable to identify,"Online forums, Media/entertainment, From friends/family",Yes,Yes,No,,Yes,18 months,Old people less likely to choose diagnosis
100,216,TRUE,EN,r/SampleSize,15-24,"No, I am not a student at UNCCH",Associates degree,Criminal justice and psychology  ,Disagree,Agree,Disagree,Disagree,Disagree,Disagree,Disagree,Neither agree nor disagree,Disagree,Agree,Neither agree nor disagree,Neither agree nor disagree,Agree,Neither agree nor disagree,Disagree,Agree,Disagree,Agree,Disagree,Disagree,Agree,Disagree,Disagree,Disagree,Disagree,Disagree,Disagree,Yes,Unable to identify,Unable to identify,No,No,Yes,Apr-17,,,No comment
100,227,TRUE,EN,r/SampleSize,15-24,"No, I am not a student at UNCCH",Associates degree,Psychology,Agree,Agree,Agree,Disagree,Disagree,Disagree,Agree,Neither agree nor disagree,Disagree,Agree,Agree,Disagree,Neither agree nor disagree,Neither agree nor disagree,Disagree,Agree,Disagree,Agree,Disagree,Agree,Neither agree nor disagree,Disagree,Disagree,Disagree,Disagree,Disagree,Disagree,Yes,Unable to identify,Unable to identify,Yes,Yes,No,,No,,No comment
100,442,TRUE,EN,r/SampleSize,15-24,"No, I am not a student at UNCCH","High school or high school equivalent (i.e., GED)",,Agree,Neither agree nor disagree,Agree,Agree,Disagree,Disagree,Agree,Neither agree nor disagree,Neither agree nor disagree,Neither agree nor disagree,Neither agree nor disagree,Agree,Neither agree nor disagree,Neither agree nor disagree,Neither agree nor disagree,Agree,Disagree,Agree,Disagree,Neither agree nor disagree,Agree,Neither agree nor disagree,Disagree,Disagree,Disagree,Disagree,Disagree,Yes,Unable to identify,From friends/family being diagnosed,Yes,Yes,No,,I've considered it,Since around when I was 10,No comment
100,122,TRUE,EN,r/SampleSize,15-24,"No, I am not a student at UNCCH","Some college, but no degree",Creative Writing,Disagree,Agree,Disagree,Disagree,Disagree,Disagree,Neither agree nor disagree,Disagree,Disagree,Agree,Disagree,Agree,Neither agree nor disagree,Agree,Disagree,Agree,Disagree,Agree,Disagree,Disagree,Disagree,Disagree,Disagree,Disagree,Disagree,Disagree,Disagree,Yes,Don't remember,Don't remember,Yes,Yes,Yes,2020,,,"Pro-survey, Is high-functioning"
100,259,TRUE,EN,r/SampleSize,15-24,"Yes, I am an undergraduate student at UNCCH","High school or high school equivalent (i.e., GED)",,Agree,Agree,Disagree,Agree,Agree,Disagree,Agree,Disagree,Agree,Agree,Agree,Disagree,Neither agree nor disagree,Agree,Agree,Agree,Disagree,Agree,Agree,Agree,Neither agree nor disagree,Disagree,Agree,Disagree,Agree,Agree,Disagree,Yes,Unable to identify,From or at school,Yes,Yes,Yes,23/2020,,,No comment
100,177,TRUE,EN,r/SampleSize,25-34,"No, I am not a student at UNCCH",Completed an undergraduate education (Bachelors degree),International Relations,Agree,Agree,Agree,Agree,Disagree,Neither agree nor disagree,Agree,Agree,Agree,Neither agree nor disagree,Neither agree nor disagree,Neither agree nor disagree,Neither agree nor disagree,Neither agree nor disagree,Disagree,Agree,Disagree,Neither agree nor disagree,Agree,Agree,Agree,Neither agree nor disagree,Disagree,Disagree,Neither agree nor disagree,Disagree,Neither agree nor disagree,Yes,Don't remember,Don't remember,No,Yes,No,,No,,No comment
100,177,TRUE,EN,r/SampleSize,15-24,"No, I am not a student at UNCCH",Less than high school,,Neither agree nor disagree,Neither agree nor disagree,Neither agree nor disagree,Neither agree nor disagree,Neither agree nor disagree,Neither agree nor disagree,Agree,Neither agree nor disagree,Neither agree nor disagree,Neither agree nor disagree,Agree,Neither agree nor disagree,Neither agree nor disagree,Neither agree nor disagree,Disagree,Neither agree nor disagree,Disagree,Agree,Disagree,Neither agree nor disagree,Disagree,Disagree,Neither agree nor disagree,Disagree,Disagree,Neither agree nor disagree,Neither agree nor disagree,Yes,Unable to identify,The internet,Yes,No,No,,No,,No comment
100,236,TRUE,EN,r/SampleSize,25-34,"No, I am not a student at UNCCH",Masters or doctorates at a graduate level,Pharmacy Practice,Agree,Disagree,Neither agree nor disagree,Disagree,Neither agree nor disagree,Disagree,Agree,Neither agree nor disagree,Agree,Agree,Neither agree nor disagree,Neither agree nor disagree,Agree,Disagree,Disagree,Neither agree nor disagree,Disagree,Neither agree nor disagree,Neither agree nor disagree,Disagree,Neither agree nor disagree,Disagree,Disagree,Disagree,Disagree,Disagree,Neither agree nor disagree,Yes,Don't remember,Don't remember,Yes,Yes,No,,No,,No comment
100,797,TRUE,EN,r/SampleSize,25-34,"No, I am not a student at UNCCH","High school or high school equivalent (i.e., GED)",,Disagree,Agree,Neither agree nor disagree,Disagree,Disagree,Disagree,Neither agree nor disagree,Disagree,Neither agree nor disagree,Neither agree nor disagree,Neither agree nor disagree,Neither agree nor disagree,Neither agree nor disagree,Disagree,Disagree,Agree,Disagree,Neither agree nor disagree,Disagree,Neither agree nor disagree,Disagree,Disagree,Disagree,Disagree,Disagree,Disagree,Disagree,Yes,Childhood,Media/entertainment,No,Yes,No,,I've considered it,"Mostly just in the last year or so, because I moved to a new house and had a REALLY tough time with it because I'm so bad with change, so I started doing more research on ASD and reconsidering my own experiences. Like I always thought I couldn't be autistic because I don't experience a lack of empathy, but then I learned that's just a stereotype and you can also experience hyper-empathy with autism, so now I'm really wondering if I have it since I get overwhelmed by other people's emotions. But I don't know anything for sure.",Mention of famous autistic people
100,129,TRUE,EN,r/SampleSize,25-34,"No, I am not a student at UNCCH",Completed an undergraduate education (Bachelors degree),"Computer Science, Engineering",Neither agree nor disagree,Agree,Disagree,Neither agree nor disagree,Disagree,Neither agree nor disagree,Neither agree nor disagree,Disagree,Neither agree nor disagree,Agree,Neither agree nor disagree,Agree,Disagree,Disagree,Disagree,Agree,Disagree,Neither agree nor disagree,Disagree,Neither agree nor disagree,Neither agree nor disagree,Disagree,Disagree,Disagree,Disagree,Disagree,Disagree,Yes,Unable to identify,Therapy or mental health institutions,Yes,Yes,Yes,2022,,,No comment
100,1116,TRUE,EN,r/SampleSize,35-44,"No, I am not a student at UNCCH","Some college, but no degree",Computing and Geography,Disagree,Disagree,Neither agree nor disagree,Disagree,Disagree,Disagree,Agree,Disagree,Disagree,Neither agree nor disagree,Neither agree nor disagree,Agree,Neither agree nor disagree,Neither agree nor disagree,Disagree,Agree,Disagree,Disagree,Disagree,Disagree,Disagree,Disagree,Disagree,Disagree,Disagree,Disagree,Disagree,Yes,Childhood,From or at school,Yes,Yes,Yes,1994,,,No comment
100,296,TRUE,EN,r/SampleSize,25-34,"No, I am not a student at UNCCH","Some college, but no degree",Cyber Security,Neither agree nor disagree,Agree,Neither agree nor disagree,Agree,Agree,Disagree,Neither agree nor disagree,Neither agree nor disagree,Agree,Agree,Agree,Disagree,Disagree,Disagree,Agree,Agree,Agree,Agree,Neither agree nor disagree,Disagree,Disagree,Agree,Disagree,Disagree,Disagree,Disagree,Disagree,Yes,Unable to identify,From friends/family,Yes,Yes,No,,I've considered it,2 years,Pro-survey
100,128,TRUE,EN,r/SampleSize,15-24,"No, I am not a student at UNCCH","Some college, but no degree",Undecided Major,Neither agree nor disagree,Neither agree nor disagree,Disagree,Disagree,Disagree,Disagree,Disagree,Neither agree nor disagree,Neither agree nor disagree,Neither agree nor disagree,Neither agree nor disagree,Neither agree nor disagree,Neither agree nor disagree,Neither agree nor disagree,Disagree,Agree,Disagree,Neither agree nor disagree,Neither agree nor disagree,Disagree,Disagree,Disagree,Disagree,Disagree,Disagree,Disagree,Disagree,Yes,No response,No response,Yes,Yes,No,,I've considered it,,No comment
100,168,TRUE,EN,r/SampleSize,15-24,"No, I am not a student at UNCCH",Less than high school,,Disagree,Disagree,Agree,Disagree,Disagree,Disagree,Disagree,Disagree,Neither agree nor disagree,Agree,Neither agree nor disagree,Neither agree nor disagree,Neither agree nor disagree,Agree,Disagree,Agree,Disagree,Agree,Disagree,Disagree,Agree,Disagree,Disagree,Disagree,Disagree,Disagree,Disagree,Yes,No response,No response,Yes,Yes,No,,I've considered it,1/2 years?,No comment
100,252,TRUE,EN,r/SampleSize,25-34,"No, I am not a student at UNCCH","High school or high school equivalent (i.e., GED)",,Neither agree nor disagree,Agree,Disagree,Neither agree nor disagree,Neither agree nor disagree,Disagree,Disagree,Neither agree nor disagree,Disagree,Agree,Neither agree nor disagree,Agree,Agree,Neither agree nor disagree,Disagree,Agree,Disagree,Agree,Disagree,Neither agree nor disagree,Disagree,Disagree,Disagree,Disagree,Disagree,Disagree,Disagree,Yes,Childhood,Unable to identify,Yes,Yes,Yes,Apr-13,,,No comment
100,228,TRUE,EN,r/SampleSize,15-24,"No, I am not a student at UNCCH","Some college, but no degree",,Neither agree nor disagree,Neither agree nor disagree,Neither agree nor disagree,Disagree,Disagree,Disagree,Neither agree nor disagree,Neither agree nor disagree,Neither agree nor disagree,Agree,Neither agree nor disagree,Neither agree nor disagree,Neither agree nor disagree,Neither agree nor disagree,Disagree,Agree,Disagree,Agree,Disagree,Neither agree nor disagree,Disagree,Disagree,Disagree,Disagree,Disagree,Disagree,Disagree,Yes,Within a few years ago,Unable to identify,Yes,Yes,No,,Yes,1.5 years,No comment
100,161,TRUE,EN,r/SampleSize,15-24,"No, I am not a student at UNCCH","Some college, but no degree",Psychology major public health minor,Neither agree nor disagree,Neither agree nor disagree,Disagree,Disagree,Neither agree nor disagree,Disagree,Agree,Agree,Disagree,Agree,Agree,Disagree,Neither agree nor disagree,Disagree,Disagree,Agree,Disagree,Agree,Disagree,Disagree,Agree,Disagree,Disagree,Disagree,Disagree,Disagree,Agree,Yes,Childhood,From friends/family being diagnosed,Yes,Yes,No,,No,,No comment
100,286,TRUE,EN,r/SampleSize,25-34,"No, I am not a student at UNCCH",Completed an undergraduate education (Bachelors degree),software engineering,Disagree,Neither agree nor disagree,Agree,Disagree,Disagree,Neither agree nor disagree,Disagree,Disagree,Neither agree nor disagree,Neither agree nor disagree,Neither agree nor disagree,Neither agree nor disagree,Disagree,Disagree,Neither agree nor disagree,Agree,Disagree,Disagree,Disagree,Neither agree nor disagree,Disagree,Disagree,Disagree,Disagree,Disagree,Disagree,Neither agree nor disagree,Yes,Don't remember,Media/entertainment,No,No,No,,I've considered it,couple of years,No comment
100,300,TRUE,EN,r/SampleSize,15-24,"No, I am not a student at UNCCH",Completed an undergraduate education (Bachelors degree),"Software Engineering, IoT, Innovation",Agree,Neither agree nor disagree,Neither agree nor disagree,Neither agree nor disagree,Neither agree nor disagree,Neither agree nor disagree,Neither agree nor disagree,Neither agree nor disagree,Neither agree nor disagree,Neither agree nor disagree,Agree,Disagree,Neither agree nor disagree,Neither agree nor disagree,Disagree,Agree,Disagree,Disagree,Neither agree nor disagree,Agree,Disagree,Disagree,Disagree,Disagree,Neither agree nor disagree,Disagree,Disagree,Yes,Unable to identify,From or at school,Yes,Yes,No,,No,,No comment
100,287,TRUE,EN,r/SampleSize,15-24,"No, I am not a student at UNCCH","Some college, but no degree",Psychology ,Neither agree nor disagree,Agree,Neither agree nor disagree,Neither agree nor disagree,Disagree,Neither agree nor disagree,Agree,Disagree,Disagree,Agree,Disagree,Agree,Disagree,Neither agree nor disagree,Disagree,Agree,Neither agree nor disagree,Neither agree nor disagree,Neither agree nor disagree,Neither agree nor disagree,Neither agree nor disagree,Agree,Disagree,Disagree,Disagree,Disagree,Disagree,Yes,Unable to identify,From or at school,Yes,No,No,,I've considered it,1 year,No comment
100,223,TRUE,EN,r/SampleSize,25-34,"No, I am not a student at UNCCH",Completed an undergraduate education (Bachelors degree),Linguistics,Agree,Neither agree nor disagree,Neither agree nor disagree,Disagree,Agree,Neither agree nor disagree,Neither agree nor disagree,Neither agree nor disagree,Agree,Neither agree nor disagree,Agree,Disagree,Neither agree nor disagree,Disagree,Neither agree nor disagree,Agree,Neither agree nor disagree,Disagree,Disagree,Neither agree nor disagree,Neither agree nor disagree,Disagree,Disagree,Disagree,Disagree,Disagree,Neither agree nor disagree,Yes,Childhood,From friends/family being diagnosed,Yes,Yes,No,,No,,No comment
100,324,TRUE,EN,r/SampleSize,25-34,"No, I am not a student at UNCCH",Masters or doctorates at a graduate level,Linguistics and Mathematics,Neither agree nor disagree,Neither agree nor disagree,Neither agree nor disagree,Disagree,Disagree,Disagree,Disagree,Disagree,Neither agree nor disagree,Neither agree nor disagree,Disagree,Agree,Neither agree nor disagree,Disagree,Disagree,Neither agree nor disagree,Disagree,Neither agree nor disagree,Neither agree nor disagree,Disagree,Disagree,Disagree,Disagree,Disagree,Disagree,Disagree,Agree,Yes,More than 10 years ago,From friends/family,Yes,Yes,No,,No,,No comment
100,1042,TRUE,EN,r/SampleSize,15-24,"No, I am not a student at UNCCH","Some college, but no degree","Psychology, Biology, Management",Disagree,Disagree,Neither agree nor disagree,Disagree,Agree,Disagree,Disagree,Neither agree nor disagree,Neither agree nor disagree,Agree,Neither agree nor disagree,Neither agree nor disagree,Agree,Neither agree nor disagree,Agree,Agree,Disagree,Neither agree nor disagree,Disagree,Disagree,Neither agree nor disagree,Neither agree nor disagree,Disagree,Disagree,Disagree,Disagree,Disagree,Yes,Childhood,From friends/family being diagnosed,Yes,Yes,No,,I've considered it,Since kindergarten when I realized that I could relate more to those with ASD than the general neurotypical population.,"Difficult to decide, Autism varies"
100,356,TRUE,EN,r/SampleSize,35-44,"No, I am not a student at UNCCH",Masters or doctorates at a graduate level,chemistry,Neither agree nor disagree,Agree,Neither agree nor disagree,Disagree,Disagree,Neither agree nor disagree,Neither agree nor disagree,Neither agree nor disagree,Neither agree nor disagree,Neither agree nor disagree,Neither agree nor disagree,Neither agree nor disagree,Neither agree nor disagree,Neither agree nor disagree,Disagree,Agree,Neither agree nor disagree,Neither agree nor disagree,Neither agree nor disagree,Neither agree nor disagree,Neither agree nor disagree,Disagree,Disagree,Disagree,Disagree,Disagree,Disagree,Yes,Don't remember,Don't remember,No,Yes,No,,Yes,14 years,No comment
100,178,TRUE,EN,r/SampleSize,15-24,"No, I am not a student at UNCCH","High school or high school equivalent (i.e., GED)",,Disagree,Neither agree nor disagree,Disagree,Neither agree nor disagree,Neither agree nor disagree,Disagree,Neither agree nor disagree,Neither agree nor disagree,Neither agree nor disagree,Agree,Agree,Neither agree nor disagree,Neither agree nor disagree,Neither agree nor disagree,Disagree,Agree,Disagree,Disagree,Disagree,Disagree,Disagree,Disagree,Disagree,Disagree,Disagree,Disagree,Disagree,Yes,Don't remember,Don't remember,Yes,Yes,No,,I've considered it,About a year,No comment
42,119,FALSE,EN,r/SampleSize,45-54,"No, I am not a student at UNCCH",Masters or doctorates at a graduate level,writing/ASL & Interpreting/TESOL/Gaelic Literature,Disagree,Disagree,Neither agree nor disagree,Disagree,Neither agree nor disagree,Disagree,Disagree,Disagree,Neither agree nor disagree,Neither agree nor disagree,Neither agree nor disagree,Neither agree nor disagree,Neither agree nor disagree,Neither agree nor disagree,,,,,,,,,,,,,,,No response,No response,,,,,,,No comment
58,382,FALSE,EN,r/SampleSize,25-34,"No, I am not a student at UNCCH",Associates degree,English,Neither agree nor disagree,Neither agree nor disagree,Neither agree nor disagree,Neither agree nor disagree,Neither agree nor disagree,Neither agree nor disagree,Neither agree nor disagree,Neither agree nor disagree,Neither agree nor disagree,Neither agree nor disagree,Neither agree nor disagree,Neither agree nor disagree,Neither agree nor disagree,Neither agree nor disagree,Disagree,Neither agree nor disagree,Neither agree nor disagree,Disagree,Neither agree nor disagree,Neither agree nor disagree,Neither agree nor disagree,Neither agree nor disagree,Disagree,Disagree,Disagree,Disagree,Disagree,Yes,No response,No response,,,,,,,No comment
42,157,FALSE,EN,r/SampleSize,15-24,"No, I am not a student at UNCCH",Associates degree,"AS Psych, also certificates in RBT and Direct Support Professional with ongoing education",Disagree,Neither agree nor disagree,Disagree,Neither agree nor disagree,Disagree,Disagree,Disagree,Neither agree nor disagree,Neither agree nor disagree,Agree,Agree,Neither agree nor disagree,Agree,Agree,,,,,,,,,,,,,,,No response,No response,,,,,,,No comment
58,233,FALSE,EN,r/SampleSize,25-34,"No, I am not a student at UNCCH",Masters or doctorates at a graduate level,"Sociology, psychology, English",Neither agree nor disagree,Agree,Neither agree nor disagree,Disagree,Disagree,Disagree,Neither agree nor disagree,Neither agree nor disagree,Disagree,Neither agree nor disagree,Neither agree nor disagree,Neither agree nor disagree,Disagree,Disagree,Disagree,Agree,Neither agree nor disagree,Disagree,Neither agree nor disagree,Disagree,Disagree,Neither agree nor disagree,Disagree,Disagree,Disagree,Disagree,Disagree,Yes,No response,No response,,,,,,,No comment
100,575,TRUE,EN,r/UNC subreddit,15-24,"Yes, I am a graduate student at UNCCH",Completed an undergraduate education (Bachelors degree),"Biology major, chemistry minor",Agree,Neither agree nor disagree,Disagree,Neither agree nor disagree,Neither agree nor disagree,Neither agree nor disagree,Neither agree nor disagree,Neither agree nor disagree,Agree,Neither agree nor disagree,Neither agree nor disagree,Disagree,Neither agree nor disagree,Neither agree nor disagree,Disagree,Agree,Disagree,Neither agree nor disagree,Neither agree nor disagree,Neither agree nor disagree,Neither agree nor disagree,Neither agree nor disagree,Disagree,Disagree,Disagree,Disagree,Disagree,Yes,Unable to identify,From friends/family being diagnosed,Yes,No,No,,No,,"Autism varies, Well-versed in autism, Difficult to decide, Pro-survey"
100,521,TRUE,EN,r/UNC subreddit,25-34,"Yes, I am a graduate student at UNCCH",Masters or doctorates at a graduate level,"Communication, Public Relations",Disagree,Disagree,Neither agree nor disagree,Neither agree nor disagree,Neither agree nor disagree,Disagree,Disagree,Disagree,Disagree,Neither agree nor disagree,Neither agree nor disagree,Neither agree nor disagree,Neither agree nor disagree,Neither agree nor disagree,Disagree,Neither agree nor disagree,Disagree,Disagree,Disagree,Disagree,Disagree,Neither agree nor disagree,Disagree,Disagree,Disagree,Disagree,Neither agree nor disagree,Yes,Don't remember,Don't remember,Yes,Yes,No,,No,,"Difficult to decide, Autism varies, Gender bias in diagnosis, Pro-survey"
100,210,TRUE,EN,r/UNC subreddit,45-54,"No, I am not a student at UNCCH",Completed an undergraduate education (Bachelors degree),Civil engineering,Agree,Disagree,Disagree,Disagree,Agree,Agree,Neither agree nor disagree,Neither agree nor disagree,Agree,Disagree,Neither agree nor disagree,Neither agree nor disagree,Neither agree nor disagree,Disagree,Disagree,Agree,Agree,Agree,Agree,Agree,Agree,Disagree,Disagree,Disagree,Disagree,Disagree,Disagree,Yes,2003,From or at school,Yes,No,No,,No,,No comment
100,152,TRUE,EN,r/UNC subreddit,15-24,"Yes, I am an undergraduate student at UNCCH","Some college, but no degree",Psychology,Neither agree nor disagree,Agree,Neither agree nor disagree,Neither agree nor disagree,Neither agree nor disagree,Disagree,Agree,Neither agree nor disagree,Agree,Agree,Neither agree nor disagree,Neither agree nor disagree,Neither agree nor disagree,Disagree,Disagree,Agree,Disagree,Neither agree nor disagree,Disagree,Agree,Neither agree nor disagree,Disagree,Disagree,Disagree,Disagree,Disagree,Neither agree nor disagree,Yes,Childhood,Media/entertainment,Yes,Yes,Yes,May-21,,,No comment
100,198,TRUE,EN,r/UNC subreddit,25-34,"No, I am not a student at UNCCH",Masters or doctorates at a graduate level,"Theology, religion, linguistics",Disagree,Neither agree nor disagree,Disagree,Disagree,Disagree,Disagree,Disagree,Disagree,Disagree,Neither agree nor disagree,Neither agree nor disagree,Disagree,Neither agree nor disagree,Disagree,Neither agree nor disagree,Agree,Disagree,Disagree,Disagree,Disagree,Disagree,Disagree,Disagree,Disagree,Disagree,Disagree,Disagree,Yes,Childhood,From friends/family being diagnosed,Yes,Yes,No,,No,,No comment
100,157,TRUE,EN,r/UNC subreddit,35-44,"Yes, I am an undergraduate student at UNCCH",Associates degree,"Geography, data science ",Neither agree nor disagree,Agree,Agree,Disagree,Neither agree nor disagree,Disagree,Agree,Disagree,Agree,Agree,Neither agree nor disagree,Disagree,Disagree,Disagree,Neither agree nor disagree,Agree,Disagree,Agree,Neither agree nor disagree,Disagree,Agree,Disagree,Disagree,Disagree,Disagree,Disagree,Disagree,Yes,1997,From or at school,Yes,Yes,No,,Yes,6 years,No comment
100,180,TRUE,EN,r/UNC subreddit,15-24,"Yes, I am an undergraduate student at UNCCH",Completed an undergraduate education (Bachelors degree),Major: information science ,Disagree,Disagree,Disagree,Disagree,Disagree,Disagree,Neither agree nor disagree,Disagree,Disagree,Neither agree nor disagree,Neither agree nor disagree,Neither agree nor disagree,Neither agree nor disagree,Neither agree nor disagree,Disagree,Disagree,Disagree,Neither agree nor disagree,Disagree,Disagree,Disagree,Disagree,Disagree,Disagree,Disagree,Disagree,Disagree,Yes,Don't remember,Don't remember,Yes,Yes,Yes,In June 2023 when I was 20 years old,,,No comment
100,161,TRUE,EN,r/UNC subreddit,15-24,"Yes, I am an undergraduate student at UNCCH",Associates degree,Computer science and statistics,Agree,Agree,Disagree,Disagree,Agree,Neither agree nor disagree,Agree,Agree,Agree,Neither agree nor disagree,Agree,Disagree,Neither agree nor disagree,Neither agree nor disagree,Disagree,Agree,Agree,Agree,Agree,Neither agree nor disagree,Agree,Disagree,Disagree,Disagree,Disagree,Disagree,Neither agree nor disagree,Yes,Unable to identify,From or at school,Yes,No,No,,No,,No comment
100,302,TRUE,EN,r/UNC subreddit,15-24,"Yes, I am an undergraduate student at UNCCH","Some college, but no degree","Geological Science, Geographic Information Science, Military Science & Leadership",Neither agree nor disagree,Disagree,Neither agree nor disagree,Neither agree nor disagree,Neither agree nor disagree,Disagree,Neither agree nor disagree,Neither agree nor disagree,Agree,Agree,Neither agree nor disagree,Neither agree nor disagree,Neither agree nor disagree,Neither agree nor disagree,Disagree,Agree,Disagree,Agree,Disagree,Neither agree nor disagree,Agree,Disagree,Disagree,Disagree,Disagree,Disagree,Disagree,Yes,Don't remember,Don't remember,Yes,Yes,No,,No,,No comment
100,565,TRUE,EN,r/UNC subreddit,45-54,"No, I am not a student at UNCCH",Completed an undergraduate education (Bachelors degree),Journalism/Mass Comm in Advertising sequence and Theater at UNCCH,Disagree,Neither agree nor disagree,Disagree,Disagree,Disagree,Disagree,Neither agree nor disagree,Disagree,Neither agree nor disagree,Agree,Neither agree nor disagree,Disagree,Agree,Disagree,Neither agree nor disagree,Agree,Disagree,Neither agree nor disagree,Disagree,Neither agree nor disagree,Disagree,Disagree,Disagree,Disagree,Disagree,Disagree,Disagree,Yes,Teenage years,From friends/family,Yes,Yes,No,,Yes,I scored high in certain areas on the RAADS several times. For approx 20+ yrs Ive suspected but in last 10 years have learned so much more and am more certain.,"Autism and methylation, Shock at perspectives of autism"
100,330,TRUE,EN,r/UNC subreddit,15-24,"Yes, I am an undergraduate student at UNCCH","Some college, but no degree",Philosophy and Biology (Chemistry minor),Neither agree nor disagree,Disagree,Agree,Disagree,Disagree,Disagree,Disagree,Disagree,Disagree,Neither agree nor disagree,Disagree,Agree,Disagree,Disagree,Disagree,Agree,Disagree,Neither agree nor disagree,Disagree,Disagree,Disagree,Disagree,Disagree,Disagree,Disagree,Disagree,Neither agree nor disagree,Yes,Don't remember,Don't remember,Yes,No,No,,No,,No comment
100,161,TRUE,EN,r/UNC subreddit,15-24,"Yes, I am an undergraduate student at UNCCH","High school or high school equivalent (i.e., GED)",,Disagree,Agree,Agree,Disagree,Disagree,Disagree,Disagree,Disagree,Disagree,Agree,Neither agree nor disagree,Neither agree nor disagree,Agree,Neither agree nor disagree,Disagree,Agree,Disagree,Agree,Disagree,Neither agree nor disagree,Neither agree nor disagree,Disagree,Disagree,Disagree,Disagree,Disagree,Disagree,Yes,2020,Diagnosis,Yes,Yes,Yes,Mar-20,,,No comment
100,249,TRUE,EN,r/UNC subreddit,15-24,"No, I am not a student at UNCCH","High school or high school equivalent (i.e., GED)",,Neither agree nor disagree,Disagree,Neither agree nor disagree,Disagree,Disagree,Neither agree nor disagree,Disagree,Disagree,Agree,Agree,Neither agree nor disagree,Neither agree nor disagree,Neither agree nor disagree,Neither agree nor disagree,Disagree,Agree,Disagree,Agree,Neither agree nor disagree,Disagree,Neither agree nor disagree,Agree,Disagree,Disagree,Disagree,Disagree,Disagree,Yes,Childhood,From friends/family being diagnosed,Yes,No,No,,I've considered it,A year,No comment
100,187,TRUE,EN,r/UNC subreddit,25-34,"Yes, I am a graduate student at UNCCH",Masters or doctorates at a graduate level,History and anthropology ,Neither agree nor disagree,Neither agree nor disagree,Neither agree nor disagree,Disagree,Disagree,Neither agree nor disagree,Agree,Neither agree nor disagree,Neither agree nor disagree,Neither agree nor disagree,Neither agree nor disagree,Disagree,Disagree,Disagree,Disagree,Agree,Disagree,Neither agree nor disagree,Neither agree nor disagree,Neither agree nor disagree,Agree,Disagree,Disagree,Disagree,Disagree,Disagree,Neither agree nor disagree,Yes,Childhood,From friends/family being diagnosed,Yes,Yes,No,,No,,No comment
100,217,TRUE,EN,r/UNC subreddit,25-34,"Yes, I am a graduate student at UNCCH",Masters or doctorates at a graduate level,Occupational science,Disagree,Neither agree nor disagree,Disagree,Disagree,Disagree,Disagree,Disagree,Disagree,Disagree,Agree,Neither agree nor disagree,Neither agree nor disagree,Neither agree nor disagree,Neither agree nor disagree,Disagree,Agree,Disagree,Neither agree nor disagree,Disagree,Disagree,Disagree,Disagree,Disagree,Disagree,Disagree,Disagree,Neither agree nor disagree,Yes,Childhood,From friends/family being diagnosed,Yes,Yes,No,,No,,No comment
100,209,TRUE,EN,r/UNC subreddit,25-34,"Yes, I am an undergraduate student at UNCCH",Associates degree,Economic ,Agree,Neither agree nor disagree,Agree,Disagree,Neither agree nor disagree,Disagree,Agree,Neither agree nor disagree,Neither agree nor disagree,Neither agree nor disagree,Disagree,Agree,Neither agree nor disagree,Neither agree nor disagree,Disagree,Agree,Disagree,Disagree,Disagree,Disagree,Neither agree nor disagree,Neither agree nor disagree,Disagree,Disagree,Disagree,Disagree,Disagree,Yes,Unable to identify,From or at school,Yes,Yes,No,,I've considered it,1 year ,No comment
100,340,TRUE,EN,r/UNC subreddit,15-24,"Yes, I am a graduate student at UNCCH",Completed an undergraduate education (Bachelors degree),"Completed English degree and Womenâ€™s, Gender and Sexuality Studies minor, currently working on Masterâ€™s in Information and Library Science",Disagree,Agree,Disagree,Disagree,Disagree,Disagree,Neither agree nor disagree,Neither agree nor disagree,Neither agree nor disagree,Agree,Neither agree nor disagree,Neither agree nor disagree,Disagree,Neither agree nor disagree,Neither agree nor disagree,Agree,Disagree,Neither agree nor disagree,Disagree,Disagree,Neither agree nor disagree,Disagree,Disagree,Disagree,Disagree,Disagree,Disagree,Yes,2015,Diagnosis,Yes,Yes,Yes,May-15,,,No comment
100,131,TRUE,EN,r/UNC subreddit,15-24,"Yes, I am an undergraduate student at UNCCH","Some college, but no degree",English ,Disagree,Disagree,Disagree,Disagree,Disagree,Disagree,Neither agree nor disagree,Disagree,Disagree,Agree,Neither agree nor disagree,Neither agree nor disagree,Agree,Neither agree nor disagree,Neither agree nor disagree,Disagree,Disagree,Disagree,Disagree,Disagree,Disagree,Disagree,Disagree,Disagree,Disagree,Disagree,Disagree,Yes,Childhood,From friends/family being diagnosed,Yes,Yes,No,,No,,No comment
100,630,TRUE,EN,r/UNC subreddit,15-24,"Yes, I am an undergraduate student at UNCCH",Completed an undergraduate education (Bachelors degree),"Statistics & Analytics, B.S.",Neither agree nor disagree,Neither agree nor disagree,Neither agree nor disagree,Neither agree nor disagree,Neither agree nor disagree,Neither agree nor disagree,Neither agree nor disagree,Neither agree nor disagree,Neither agree nor disagree,Neither agree nor disagree,Neither agree nor disagree,Neither agree nor disagree,Neither agree nor disagree,Neither agree nor disagree,Disagree,Neither agree nor disagree,Disagree,Neither agree nor disagree,Disagree,Neither agree nor disagree,Disagree,Disagree,Disagree,Disagree,Disagree,Disagree,Agree,Yes,Childhood,From or at school,Yes,Yes,Yes,"I was a very young child, probably 2004? Only was told explicitly by my parents at 13 or so, around 2015.",,,Encouragement/congratulations
100,189,TRUE,EN,r/UNC subreddit,15-24,"Yes, I am an undergraduate student at UNCCH","Some college, but no degree","Biology, Environmental Science",Disagree,Disagree,Neither agree nor disagree,Disagree,Disagree,Disagree,Disagree,Disagree,Disagree,Neither agree nor disagree,Disagree,Disagree,Neither agree nor disagree,Disagree,Disagree,Neither agree nor disagree,Disagree,Disagree,Disagree,Disagree,Disagree,Disagree,Disagree,Disagree,Disagree,Disagree,Disagree,Yes,Childhood,From or at school,Yes,No,No,,I've considered it,6 years,No comment
100,210,TRUE,EN,r/UNC subreddit,15-24,"Yes, I am a graduate student at UNCCH",Completed an undergraduate education (Bachelors degree),"Environmental Studies, Medical Anthropology",Agree,Agree,Neither agree nor disagree,Disagree,Agree,Neither agree nor disagree,Agree,Agree,Agree,Neither agree nor disagree,Neither agree nor disagree,Agree,Disagree,Disagree,Disagree,Agree,Disagree,Neither agree nor disagree,Agree,Agree,Agree,Disagree,Disagree,Disagree,Disagree,Disagree,Disagree,Yes,Unable to identify,The internet,Yes,Yes,No,,No,,"Broader choice scale, More questions on Asperger's"
100,428,TRUE,EN,r/UNC subreddit,15-24,"Yes, I am an undergraduate student at UNCCH",Associates degree,Anthropology and Environmental Studies,Neither agree nor disagree,Disagree,Neither agree nor disagree,Disagree,Disagree,Neither agree nor disagree,Neither agree nor disagree,Disagree,Disagree,Neither agree nor disagree,Neither agree nor disagree,Disagree,Neither agree nor disagree,Neither agree nor disagree,Disagree,Neither agree nor disagree,Disagree,Disagree,Neither agree nor disagree,Agree,Neither agree nor disagree,Disagree,Disagree,Disagree,Neither agree nor disagree,Disagree,Neither agree nor disagree,Yes,Childhood,From or at school,Yes,Yes,No,,No,,"Anti-self-diagnosis, Autism varies"
100,282,TRUE,EN,r/UNC subreddit,35-44,"No, I am not a student at UNCCH",Masters or doctorates at a graduate level,"BS Textile Marketing, Minor in Business; MA Public History",Disagree,Neither agree nor disagree,Disagree,Disagree,Disagree,Disagree,Neither agree nor disagree,Disagree,Disagree,Neither agree nor disagree,Neither agree nor disagree,Neither agree nor disagree,Neither agree nor disagree,Neither agree nor disagree,Agree,Agree,Disagree,Agree,Disagree,Disagree,Disagree,Disagree,Disagree,Disagree,Disagree,Disagree,Disagree,Yes,Don't remember,Don't remember,Yes,Yes,No,,I've considered it,5 years,Well-versed in autism
100,285,TRUE,EN,r/UNC subreddit,15-24,"No, I am not a student at UNCCH",Completed an undergraduate education (Bachelors degree),Biology,Disagree,Neither agree nor disagree,Neither agree nor disagree,Disagree,Disagree,Neither agree nor disagree,Neither agree nor disagree,Disagree,Neither agree nor disagree,Agree,Neither agree nor disagree,Neither agree nor disagree,Neither agree nor disagree,Neither agree nor disagree,Agree,Agree,Neither agree nor disagree,Neither agree nor disagree,Disagree,Disagree,Neither agree nor disagree,Disagree,Disagree,Disagree,Disagree,Disagree,Disagree,Yes,Childhood,Therapy or mental health institutions,Yes,Yes,Yes,Mar-22,,,No comment
100,169,TRUE,EN,r/UNC subreddit,15-24,"Yes, I am an undergraduate student at UNCCH","High school or high school equivalent (i.e., GED)",,Neither agree nor disagree,Neither agree nor disagree,Neither agree nor disagree,Neither agree nor disagree,Disagree,Disagree,Neither agree nor disagree,Disagree,Disagree,Neither agree nor disagree,Neither agree nor disagree,Neither agree nor disagree,Neither agree nor disagree,Neither agree nor disagree,Neither agree nor disagree,Agree,Disagree,Neither agree nor disagree,Disagree,Disagree,Disagree,Disagree,Disagree,Disagree,Disagree,Disagree,Disagree,Yes,Teenage years,The internet,Yes,Yes,No,,I've considered it,A few years,No comment
100,209,TRUE,EN,r/UNC subreddit,15-24,"Yes, I am a graduate student at UNCCH",Completed an undergraduate education (Bachelors degree),"Mathematics major, economics minor",Disagree,Agree,Disagree,Disagree,Disagree,Disagree,Neither agree nor disagree,Disagree,Disagree,Neither agree nor disagree,Agree,Neither agree nor disagree,Neither agree nor disagree,Neither agree nor disagree,Agree,Agree,Disagree,Disagree,Disagree,Disagree,Disagree,Neither agree nor disagree,Disagree,Disagree,Disagree,Disagree,Disagree,Yes,Childhood,Unable to identify,Yes,Yes,No,,I've considered it,7 years,No comment
100,205,TRUE,EN,r/UNC subreddit,15-24,"Yes, I am an undergraduate student at UNCCH","High school or high school equivalent (i.e., GED)",,Disagree,Neither agree nor disagree,Neither agree nor disagree,Disagree,Disagree,Disagree,Disagree,Neither agree nor disagree,Neither agree nor disagree,Agree,Neither agree nor disagree,Disagree,Neither agree nor disagree,Neither agree nor disagree,Disagree,Neither agree nor disagree,Disagree,Neither agree nor disagree,Disagree,Disagree,Neither agree nor disagree,Disagree,Disagree,Disagree,Disagree,Disagree,Disagree,Yes,Unable to identify,From friends/family being diagnosed,Yes,Yes,No,,Yes,A few years. Only reason Iâ€™m not officially diagnosed is money.,No comment
100,169,TRUE,EN,r/UNC subreddit,15-24,"No, I am not a student at UNCCH",Completed an undergraduate education (Bachelors degree),"English, American Studies, History",Neither agree nor disagree,Agree,Neither agree nor disagree,Disagree,Disagree,Neither agree nor disagree,Neither agree nor disagree,Neither agree nor disagree,Neither agree nor disagree,Neither agree nor disagree,Neither agree nor disagree,Neither agree nor disagree,Neither agree nor disagree,Disagree,Neither agree nor disagree,Agree,Disagree,Agree,Neither agree nor disagree,Neither agree nor disagree,Neither agree nor disagree,Disagree,Disagree,Disagree,Disagree,Disagree,Disagree,Yes,Don't remember,Don't remember,No,Yes,No,,I've considered it,A month,No comment
100,147,TRUE,EN,r/UNC subreddit,25-34,"No, I am not a student at UNCCH",Completed an undergraduate education (Bachelors degree),Public health ,Neither agree nor disagree,Disagree,Neither agree nor disagree,Disagree,Disagree,Disagree,Agree,Neither agree nor disagree,Disagree,Agree,Disagree,Neither agree nor disagree,Neither agree nor disagree,Neither agree nor disagree,Neither agree nor disagree,,Disagree,Agree,Disagree,Disagree,Disagree,Neither agree nor disagree,Disagree,Disagree,Disagree,Disagree,Disagree,Yes,Unable to identify,From the internet,Yes,Yes,Yes,2023,,,No comment
